DESIGNATION;Conditionnement
BAC AJOURE;60
BAC CARRE 33;40
BAC CARRE 38;30
BAC NAKHLA GM;8
BAC NAKHLA MM;10
BAC NAKHLA PM;20
BAIGNOIRE BéBé;15
Bassine 44 B;60
BASSINE 52;10
BASSINE 52 N;10
Bassine 56 A;1
Bassine 56 B;10
Bassine 56 N;10
Bassine 70 B;10
Bassine 70 N;10
Bassine 70A;10
BASSINE BLANCHE;1
BASSINE BLEUE;1
BASSINE EXTRA FORTE 37 C;35
BASSINE EXTRA FORTE 45 C;1
BASSINE EXTRA FORTE 54 C;1
BASSINE EXTRA FORTE 58 C;1
BASSINE EXTRA FORTE 58 C (GRATUIT);1
BASSINE EXTRA FORTE 58 N;1
BASSINE EXTRA FORTE GM/C;1
BASSINE EXTRA FORTE GM/N;1
BASSINE EXTRA FORTE MM/C;1
BASSINE EXTRA FORTE P/PM C;35
BASSINE EXTRA FORTE PM/C;1
Bassine Extra large 100 A;1
BASSINE EXTRA LARGE 100 B;1
BASSINE EXTRA LARGE 100 N;1
BASSINE EXTRA LARGE 90 B;1
BASSINE EXTRA LARGE 90 N;1
BASSINE NOIR;1
BASSINE NOUR 35;60
BASSINE NOUR 45;60
BASSINE POLYPRO;1
BASSINE ROUGE;1
BASSINE VERTE;1
BASSINE WARDA 35;50
BASSINE WARDA 35B;50
BASSINE WARDA 45;50
BASSINE WARDA 45 B;50
BATTERIE BLANC;1
BATTERIE NOIR;1
BOITE 30L;10
BOITE A PAIN;18
BOITE CARREE;32
BOITE CARREE PM;64
BOITE CLIP BOX GM;57
BOITE CLIP BOX GM SC;1
BOITE CLIP CLAP 1.1L;44
BOITE CLIP CLAP 1.1L SC;1
BOITE CLIP CLAP 10L;20
BOITE CLIP CLAP 10L SC;1
BOITE CLIP CLAP 12L;18
BOITE CLIP CLAP 12L SC;1
BOITE CLIP CLAP 15L;20
BOITE CLIP CLAP 15L SC;1
BOITE CLIP CLAP 2.1L;44
BOITE CLIP CLAP 2.1L SC;1
BOITE CLIP CLAP 2.8L;36
BOITE CLIP CLAP 2.8L SC;1
BOITE CLIP CLAP 2L;40
BOITE CLIP CLAP 2L SC;1
BOITE CLIP CLAP 3.5L;40
BOITE CLIP CLAP 3.5L SC;1
BOITE CLIP CLAP 3.6L;30
BOITE CLIP CLAP 3.6L SC;1
BOITE CLIP CLAP 5L;34
BOITE CLIP CLAP 5L SC;1
BOITE CLIP CLAP 8L;24
BOITE CLIP CLAP 8L SC;1
Boite Filetage;15
BOITE NAKHLA PM;60
BOITE PUSH-CLIP 2L;20
BOITE PUSH-CLIP 3.5L;12
BOITE PUSH-CLIP 5.5L;12
BOITE RAYEE OVALE;72
BOITE RAYEE REGTANGULAIRE;24
BOITE RECT 1.1L;44
BOITE RECTANGULAIRE FLEURIE GM;96
BOITE RECTANGULAIRE FLEURIE PM;134
BOITE RECTANGULAIRE L;21
BOITE RONDE FLEURIE GM;108
BOITE RONDE FLEURIE PACK GM+PM;16
BOITE RONDE FLEURIE PM;134
BOITE SAMSO;12
BOITE SAMSO GM;24
BOITE SAMSO N M;24
BOITE SAMSO PM;36
BOL;1
BOL DABLIJ;40
BOL PASSOIR PM;40
BOL PASSOIRE;42
BOL PM;1
BOX A 03 TIROIRS;1
BOX A 04 TIROIRS;1
BOX A 05 TIROIRS;1
BROCK;96
Brock 25 CL;35
Brock 33 CL;27
Brock GM;78
Brock gradué;135
Brosse;36
CACHE BORDURE PANIER FLEURI;1
CAKE BOX;17
CARAFE 01 L;30
CARAFE 1,7 L;40
CARAFE 2L;45
CARAFE FRUITS;15
CENDRIER;20
Chaise Enfant;25
CHAISE ENFANT NM;15
CHAISE ENFANT NOIR;15
CHAISE NAKHLA;1
Chaise style café A;1
CHAISE STYLE CAFE B;1
CHAISE STYLE CAFE B 2EME CHOIX;1
CINTRE 2 BRANCHES P.P(1000);1000
CINTRE 2 BRANCHES P.P(1900);1900
CINTRE 2 BRANCHES P.S;1500
CINTRE 2 BRANCHES PP PIECES;1
CINTRE 3 BRANCHE P.P BLEU CIEL;700
CINTRE 3 BRANCHE P.P BLEU CIEL (PCES);1
CINTRE 3 BRANCHE P.P( PCES );1
CINTRE 3 BRANCHE P.P(700);700
CINTRE 3 BRANCHES P.P(1500);1500
CINTRE 3 BRANCHES P.S;1900
CINTRE GM;162
CLAPET BOITE A PAIN;1
CLAPETS POUBELLE SBD;1
COLONNES BOX GM;1
COLONNES MEUBLE NAKHLA PM;4
COLONNES MEUBLE OURIKA;1
COLONNES RANGE TOUT;1
COLONNES TABLE;1
CONFECTION TETE DE SOUFFLAGE POUR MOULE;1
COTES EGOUTTOIR;1
COTES EGOUTTOIR 3 ETAGES;1
COTES EGOUTTOIR A 2 PLATEAUX;2
COTES MEUBLE FLEURI GM;1
COTES MEUBLE OURIKA;1
COTES XXL;1
COUPE CRISTAL;48
COUPE CRISTAL (PIECES);110
COUVERCLE;15
COUVERCLE + ACC BIDON 32 L;100
COUVERCLE + OPERCULE JERR 11L ET 22L;450
COUVERCLE BAC NAKHLA MM;1
COUVERCLE BAC NAKHLA PM;1
COUVERCLE BIDON 10L;1
COUVERCLE BIDON 32L;1
COUVERCLE BOITE 30L;10
COUVERCLE BOITE A PAIN;1
COUVERCLE BOITE CLIP BOX GM;1
COUVERCLE BOITE CLIP CLAP 1.1L;1
COUVERCLE BOITE CLIP CLAP 10L;1
COUVERCLE BOITE CLIP CLAP 12L;1
COUVERCLE BOITE CLIP CLAP 15L;1
COUVERCLE BOITE CLIP CLAP 2.1L;1
COUVERCLE BOITE CLIP CLAP 2.8L;1
COUVERCLE BOITE CLIP CLAP 2L;1
COUVERCLE BOITE CLIP CLAP 3.5L;1
COUVERCLE BOITE CLIP CLAP 3.6L;1
COUVERCLE BOITE CLIP CLAP 5L;1
COUVERCLE BOITE CLIP CLAP 8L;1
COUVERCLE BOITE PUSH-CLIP 2L;1
COUVERCLE BOITE PUSH-CLIP 3.5L;1
COUVERCLE BOITE PUSH-CLIP 5.5L;1
COUVERCLE BOITE RECT FLEURIE GM;1
COUVERCLE BOITE RECT FLEURIE PM;1
COUVERCLE BOITE RONDE FLEURIE GM;1
COUVERCLE BOITE RONDE FLEURIE PM;1
COUVERCLE BOITE SAMSO GM;1
COUVERCLE BOITE SAMSO NM;1
COUVERCLE BOITE SAMSO PM;1
COUVERCLE BOX GM;1
COUVERCLE CAKE BOX;1
COUVERCLE MEUBLE DACIA;1
COUVERCLE MEUBLE KIDDY;1
COUVERCLE MEUBLE MENARA;1
COUVERCLE MEUBLE MINI;1
COUVERCLE MEUBLE MINI PM;1
COUVERCLE MEUBLE NAKHLA M;1
COUVERCLE MEUBLE NAKHLA PM;1
COUVERCLE MEUBLE OURIKA;1
COUVERCLE MEUBLE SPLENDIDE;1
COUVERCLE MEUBLE TRESSE;1
COUVERCLE PANIER A LINGE CARRE;12
COUVERCLE PANIER A LINGE GM A/C;12
COUVERCLE PANIER HAMMAM;1
COUVERCLE PCES;1
COUVERCLE PLATEAU HALAWIYAT;1
COUVERCLE POUBELLE 15L;20
COUVERCLE POUBELLE 30L;1
COUVERCLE POUBELLE GRAND FORMAT;1
COUVERCLE POUBELLE SBD;1
COUVERCLE SEAU FILTAGE 12L;1
COUVERCLE SEAU FILTAGE 3L;1
COUVERCLE SEAU FILTAGE PM;1
CUVERCLE JERR 12 L . 32L;335
CUVETTE 34;100
CUVETTE 34 (PROMOTION);100
CUVETTE 38;60
CUVETTE ANGLAISE;100
CUVETTE CARRE 33 BLANC;20
CUVETTE CARRE 33 COULEUR;20
CUVETTE CARRE 38;15
EGOUTTOIR;60
EGOUTTOIR 1;39
EGOUTTOIR A 2 PLATEAUX;5
EGOUTTOIR EXTRA LARGE;6
EGOUTTOIR EXTRA LARGE 3 ETAGES;6
EGOUTTOIR PLIABLE;24
EGOUTTOIR XXL;4
EL BERRADA;21
ENTONNOIR;108
Escabeau;1
ESCABEAU 2ème CHOIX;1
ESCABEAU NOIR;10
ETAGERE 3 ETAGES;6
ETAGERE HOUYAM;6
ETAGERE HUYAM PIECE;1
ETAGERE XXL;4
FAUTEUIL F217 C;5
FAUTEUIL F217 M;5
FAUTEUIL PIEDS EN ALIMINIUM;5
FOND BOITE A PAIN;1
FOND BOITE CLIP BOX GM;1
GASSAA;10
GRAND PANIER EGOUTTOIR;1
GRAND PLATEAU EGOUTTOIR;1
GRILLE POUR TAMIS;1
GRILLES POUR COUVERCLE;20
INTERCALAIRE BOX GM;1
INTERCALAIRE MEUBLE DACIA;1
INTERCALAIRE MEUBLE KIDDY;1
INTERCALAIRE MEUBLE MENARA;1
INTERCALAIRE MEUBLE MINI;1
INTERCALAIRE MEUBLE MINI PM;1
INTERCALAIRE MEUBLE NAKHLA M;1
INTERCALAIRE MEUBLE NAKHLA PM;1
INTERCALAIRE MEUBLE OURIKA;1
INTERCALAIRE MEUBLE SPLENDIDE;1
INTERCALAIRE MEUBLE TRESSE;1
INTERCALAIRE MEUBLE TRESSE GM;1
JARDINIERE;14
JARDINIERE TUILE;24
JOINT BOITE PUSH-CLIP 2L;1
JOINT BOITE PUSH-CLIP 3.5L;1
JOINT BOITE PUSH-CLIP 5.5L;1
MAT 1ER CHOIX;1
MAT 2EME CHOIX;1
MAT 3EME CHOIX;1
MATIERE GRANULEE BEN HAYOUN;1
MATIERE GRANULEE MULTIPLAST;1
MEUBLE DACIA 3 TIROIRS;1
MEUBLE DACIA 4 TIROIRS;1
MEUBLE DACIA 5 TIROIRS;1
MEUBLE DACIA 6 TIROIRS;1
MEUBLE FLEURI 3 TIROIRS FERME;1
MEUBLE FLEURI 3 TIROIRS FERME 2C;1
MEUBLE FLEURI 3 TIROIRS GM;1
MEUBLE FLEURI 3TIROIRS;1
MEUBLE FLEURI 4 TIROIRS FERME;1
MEUBLE FLEURI 4 TIROIRS FERME 2C;1
MEUBLE FLEURI 4 TIROIRS GM;1
MEUBLE FLEURI 4TIROIRS;1
MEUBLE FLEURI 5 TIROIRS FERME;1
MEUBLE FLEURI 5 TIROIRS FERME 2C;1
MEUBLE FLEURI 5 TIROIRS GM;1
MEUBLE FLEURI 5TIROIRS;1
MEUBLE FLEURI 6 TIROIRS FERME;1
MEUBLE FLEURI 6 TIROIRS FERME 2C;1
MEUBLE FLEURI 6TIROIRS;1
MEUBLE GM DECORE 3 TIROIRS;1
MEUBLE GM DECORE 4 TIROIRS;1
MEUBLE GM DECORE 4 TIROIRS S;1
MEUBLE GM DECORE 5 TIROIRS;1
MEUBLE GM DECORE 5 TIROIRS S;1
MEUBLE KIDDY 3 TIROIRS;1
MEUBLE KIDDY 4 TIROIRS;1
MEUBLE KIDDY 5 TIROIRS;1
MEUBLE KIDDY 6 TIROIRS;1
MEUBLE MENARA 3 TIROIRS;1
MEUBLE MENARA 4 TIROIRS;1
MEUBLE MENARA 5 TIROIRS;1
MEUBLE MENARA 6 TIROIRS;1
MEUBLE MENUISIER 3 TIROIRS;1
MEUBLE MENUISIER 4 TIROIRS;1
MEUBLE MENUISIER 5 TIROIRS;1
Meuble Mini B 3 Tiroirs;8
Meuble Mini B 4 Tiroirs;6
Meuble Mini B 5 Tiroirs;4
MEUBLE MINI MENARA 3TIROIRS;8
MEUBLE MINI MENARA 4TIROIRS;6
MEUBLE MINI MENARA 5TIROIRS;4
MEUBLE MINI NAKHLA 5 TIROIRS;4
MEUBLE MINI NAKHLA 3 TIROIRS;8
MEUBLE MINI NAKHLA 4 TIROIRS;6
MEUBLE MINI PM 3TIROIRS;16
MEUBLE MINI PM 4TIROIRS;12
MEUBLE MINI PM 5TIROIRS;10
MEUBLE NAKHLA 3 TIROIRS;1
MEUBLE NAKHLA 4 TIROIRS;1
MEUBLE NAKHLA 5 TIROIRS;1
MEUBLE NAKHLA 6 TIROIRS;1
MEUBLE NAKHLA FLEURI 3TIROIRS;1
MEUBLE NAKHLA FLEURI 4 TIROIRS;1
MEUBLE NAKHLA FLEURI 5 TIROIRS;1
MEUBLE NAKHLA M AJOURE 3T;1
MEUBLE NAKHLA M AJOURE 3T 2C;1
MEUBLE NAKHLA M AJOURE 4T;1
MEUBLE NAKHLA M AJOURE 4T 2C;1
MEUBLE NAKHLA M AJOURE 5T;1
MEUBLE NAKHLA M AJOURE 5T 2C;1
MEUBLE NAKHLA M AJOURE 6T;1
MEUBLE NAKHLA M AJOURE 6T 2C;1
MEUBLE NAKHLA PM A 4 TIROIRS;1
MEUBLE NAKHLA PM A 5 TIROIRS;1
MEUBLE NAKHLA PM A 3 TIROIRS;1
MEUBLE NAKHLA PM A 6 TIROIRS;1
MEUBLE NAKHLA TRESSE 4T;1
MEUBLE NAKHLA TRESSE 5T;1
MEUBLE OURIKA 3 TIROIRS;1
MEUBLE OURIKA 3 TIROIRS FERME;1
MEUBLE OURIKA 4 TIROIRS;1
MEUBLE OURIKA 4 TIROIRS FERME;1
MEUBLE OURIKA 5 TIROIRS;1
MEUBLE OURIKA 5 TIROIRS FERME;1
MEUBLE OURIKA 6 TIROIRS;1
MEUBLE OURIKA 6 TIROIRS FERME;1
MEUBLE SPLENDID 3 TIROIRS N;1
MEUBLE SPLENDID 4 TIROIRS N;1
MEUBLE SPLENDID 5 TIROIRS N;1
MEUBLE SPLENDID 6 TIROIRS N;1
MEUBLE SPLENDID A 3 TIROIRS;1
MEUBLE SPLENDID A 4 TIROIRS;1
MEUBLE SPLENDID A 5 TIROIRS;1
MEUBLE SPLENDID A 6 TIROIRS;1
MEUBLE TRESSE 3TIROIRS;1
MEUBLE TRESSE 4TIROIRS;1
MEUBLE TRESSE 5TIROIRS;1
MEUBLE TRESSE 6TIROIRS;1
MEUBLE TRESSE GM 4T;1
MEUBLE TRESSE GM 4T S;1
MEUBLE TRESSE GM 5T;1
MEUBLE TRESSE GM 5T S;1
MINI SAC;63
OPERCULE BIDON;1
Panier 0045 A;140
Panier 0045 B;140
PANIER A LINGE CARRE A/C;10
PANIER A LINGE FLEURI;12
Panier à linge GM;25
PANIER A LINGE GM A/C;12
Panier à linge GM Bleu Ciel;20
PANIER A LINGE GM/C;20
Panier à Linge NM;20
PANIER A LINGE NM BLEU CIEL;20
PANIER A LINGE NM C;20
Panier à linge PM;30
PANIER A LINGE PM BLEU CIEL;30
PANIER ANTALYA;12
PANIER BAS EGOUTOIR A 2 PLATEAUX;1
PANIER BAS XXL;1
PANIER EGOUTTOIR 3 ETAGES;1
PANIER ETAGERE HOUYAM;1
PANIER EVIER;20
PANIER FRIGO BLANC GM;40
PANIER FRIGO BLANC PM;40
PANIER HAMMAM;15
PANIER HAUT EGOUTOIR A 2 PLATEAUX;1
PANIER HAUT XXL;1
PANIER JAWHARA;100
PANIER MULTI USAGES;50
PANIER OEILLETS;56
PANIER OVAL;30
PANIER PINCES A LINGE FLEURS;40
PANIER PINCES A LINGE RECTANGULAIRE;24
Panier PL;120
PANIER RANGE TOUT 3 P;1
Panier rect . PM A;25
PANIER RECT MULTI-USAGES;50
Panier Rect. GM;20
Panier Rect. PM B;25
PANIER ROND;24
PANIER ROND JAWHARA GM;24
PANIER ROND JAWHARA PM;32
PANIER TRESSE OVAL;120
PASSOIR;1
PASSOIR PM;1
Passoire;70
PASTILLES;1
PASTILLES BOITES PUSH-CLIP PM;1
PASTILLES EGOUTTOIR A 2 PLATEAUX;2
PASTILLES ETAGERE HOUYAM;1
PASTILLES RANGE TOUT;1
PASTILLES TABLE;1
PASTILLES XXL;1
PETIT PANIER EGOUTTOIR;1
PETIT PANIER ETAGERE 3 ETAGES;1
PETIT PLATEAU EGOUTTOIR;1
PIED DE TABLE ARTISANALE GM;15
PIED TABLE;1
PIEDS BOX GM;1
PIEDS CHAISE;1
PIEDS DE TABLE MIDA ARTISANALE;1
PIEDS ETAGERE HOUYAM;1
PIEDS MEUBLE NAKHLA PM;4
PIEDS MEUBLE OURIKA;1
PIEDS MEUBLE SPLENDIDE;1
PIEDS MEUBLE TRESSE GM;1
PIEDS RANGE TOUT;1
PIEDS TABLE GM;15
PIEDS TABLE MIDA RECT;7
PIEDS TABOURET MOBILE;1
PIEDS XXL;1
PLAQUE AJOURE MEUBLE NAKHLA M;1
PLAQUE BOX GM;1
PLAQUE MEUBLE DACIA;1
PLAQUE MEUBLE FLEURI;1
PLAQUE MEUBLE FLEURI GM;1
PLAQUE MEUBLE GM DECORE;1
PLAQUE MEUBLE KIDDY;1
PLAQUE MEUBLE NAKHLA M;1
PLAQUE MEUBLE OURIKA;1
PLAQUE MEUBLE TRESSE GM;1
PLATEAU COUVERCLE FUT 250 L;20
PLATEAU COUVERCLE FUT(PIECES);1
PLATEAU EGOUTTOIR A 2 PLATEAUX;1
PLATEAU HALAWIYAT;14
PLATEAU PERCE FLEURS;70
PLATEAU XXL;1
POIGNEE BOITE CLIP CLAP GM;1
POIGNEE BOITE CLIP CLAP PM;1
POIGNEE BOITE SAMSO;3
POIGNEE FLEURS CAKE BOX;1
POIGNEE MEUBLE DACIA;1
POIGNEE MEUBLE KIDDY;1
POIGNEE MEUBLE OURIKA;1
POIGNEE PANIER PINCES A LINGE;1
POIGNEE PANIER PINCES RECT;1
POIGNEE PAPILLON CAKE BOX;1
POIGNEE PLATEAU HALAWIYAT;1
POIGNEE SEAU 35L;2
POIGNEE SEAU FILTAGE 3L;1
POIGNEES BIDON 32L;1
POIGNEES BOITE 30L;20
POIGNEES BOX GM;1
POIGNEES COTE PLATEAU HALAWIYAT;0
POIGNEES MEUBLE SPLENDIDE;1
POIGNEES MEUBLE TRESSE;1
POIGNEES PANIER HAMMAM;1
POIGNEES PANIER RECT MULTIUSAGE;1
POIGNEES PANIER RECT PM;0
POIGNEES POUBELLE 15L;100
POIGNEES SEAU FILTAGE 12L;1
POIGNEES SEAU FILTAGE PM;2
PORTE OBJETS;96
PORTE CD;9
PORTE CD;9
PORTE COUVERT;105
PORTE COUVERT 1;60
PORTE COUVERTS;60
PORTE EPICES;8
PORTE EPICES 2 ETAGES;4
Porte Manteau B (4 emp);36
Porte manteau (1 Empreinte);200
Porte manteau (2 Empreintes);72
Porte manteau (4 Empreintes);42
PORTE MANTEAU (4EMP);36
PORTE MANTEAU 3 EMP;44
PORTE MANTEAU 3EMP;36
PORTE MANTEAU 4EMP;36
PORTE MANTEAU PP;20
PORTE MAQUILLAGE;16
PORTE OBJETS;96
POT BEBE;40
POT FILETAGE 01 L;64
POUBELLE 15 L;10
POUBELLE 30 L;10
POUBELLE GRAND FORMAT;1
POUBELLE GRAND FORMAT 1ER CHOIX;1
POUBELLE GRAND FORMAT 2EME CHOIX;1
POUBELLE SDB;20
PRESSE AGRUMES;56
RANGE TOUT 3 P;6
RANGE TOUT 3P (PROMOTION);6
RANGE TOUT 3P 1;6
RANGE TOUT 3P B;6
RANGE TOUT 3P B 1;6
RANGE TOUT 3P PCES;1
RANGEMENT DE PORTE;20
RANGEMENT DOUCHE;15
REPARATION PIGNON;1
ROULETTES;1
ROULETTES MEUBLE NAKHLA PM;4
ROULETTES MEUBLE NAKHLA PM;1
SALADIER;24
SALADIER A;24
Seau 0010 A;25
Seau 0010 B;20
Seau 0016 A;20
Seau 0016 B;20
Seau 0016 N;20
Seau 0025 A;20
Seau 0025 B;20
SEAU 0010 B;20
SEAU 0010 NOIR;20
SEAU 0017 B;20
SEAU 0017 B (PROMOTION);20
SEAU 0018 B;20
SEAU 0025 B;20
SEAU 0025 B 2 EME CHOIX;20
SEAU 005 A;25
SEAU 05 L B;25
SEAU 12 L;25
SEAU 12 L B;20
SEAU 12 L N;20
SEAU 16 L;20
SEAU 17 (PCES);1
SEAU 18 L;20
SEAU 22 L;15
SEAU 25 L;20
SEAU 35L;12
SEAU 4 L;100
SEAU AVEC COUVERCLE (PIECES);1
SEAU AVEC COUVERCLE ET ANSE EN PLASTIQUE;15
SEAU EN PLASTIQUE MPSG;10
SEAU EXTRA FORT N° 40;15
SEAU EXTRA FORT PM;20
SEAU FILETAGE 12 L;18
SEAU FILETAGE 3L;30
SEAU FILETAGE PM;24
SEAU HAMMAM;10
SEAU HAMMAM GM;10
Seau Hérmétique 15 L;20
SECOUPE BAC A FLEURS;30
SECOUPE BAC A FLEURS GM;15
SHIHA 60;1
SHIHA 66;0
SHIHA 75;1
SOUFLAGE BLANC;1
SOUFLAGE NOIR;1
SUCRIER CRISTAL;48
SUCRIER CRISTAL PCES;100
SUPPORT A ROULETTES;18
SUPPORT CAKE BOX;1
TABLE ARTISANALE GM;15
TABLE ARTISANALE MM;15
TABLE CAFE RONDE 60 B;1
TABLE CAFE RONDE 60 M;1
TABLE CARREE 70 B;1
TABLE CARREE 70 M;1
TABLE DECOREE;10
TABLE HAOUZIA;10
TABLE MIDA ARTISANALE;15
TABLE MIDA DECOREE;15
TABLE MIDA RECTANGULAIRE;7
Tabouret 0030;100
Tabouret à Pastilles;10
TABOURET A PASTILLES ..;10
TABOURET A PASTILLES 35 C;20
TABOURET A PASTILLES 35 C (PROMOTION);20
TABOURET A PASTILLES 35 N;20
TABOURET A PASTILLES 40 C;20
TABOURET A PASTILLES 40 N;20
TABOURET A PASTILLES 40 N (PROMOTION);20
TABOURET A PASTILLES 50 C;10
TABOURET A PASTILLES 50 C (PROMOTION);10
TABOURET A PASTILLES 50 C 2;10
TABOURET A PASTILLES 50 N;10
TABOURET A PASTILLES B;10
TABOURET A PASTILLES G;10
TABOURET A PASTILLES N;10
TABOURET A PASTILLES PM;20
TABOURET A PASTILLES PM N;20
TABOURET A PASTILLES1;10
TABOURET ERRAHA A;15
TABOURET ERRAHA B;15
TABOURET ERRAHA N;15
TABOURET FLEURIE GM;10
TABOURET FLEURIE MM;12
TABOURET FLEURIE PM;15
TABOURET ISTANBUL GM;10
TABOURET ISTANBUL MM;12
TABOURET ISTANBUL PM;15
TABOURET MOURIH;15
TABOURET MOURIH 1;15
TABOURET MOURIH B;15
TABOURET MOURIH N;15
Tabouret Mourih PM;25
TABOURET MOURIH PM;15
TABOURET PIEDS MOBILES;12
TABOURET TBR;32
Tabouret TBR1;36
TABOURET TBR1 A;36
TABOURET TBR1 B;36
TABOURET TBR1 BLEU CIEL;36
TAMIS;1
TAMIS PM;80
TAMIS PM (NBRE 120);120
TAPETTE A MOUCHES;120
TIROIR BOX GM;1
TIROIR MEUBLE DACIA;1
TIROIR MEUBLE KIDDY;1
TIROIR MEUBLE MENARA;1
TIROIR MEUBLE MINI;1
TIROIR MEUBLE MINI PM;1
TIROIR MEUBLE NAKHLA M;1
TIROIR MEUBLE NAKHLA PM;0
TIROIR MEUBLE OURIKA;1
TIROIR MEUBLE SPLENDIDE;1
TIROIR MEUBLE TRESSE;1
TIROIR MEUBLE TRESSE GM;1
TROUSSE MULTI FONCTION;24
TROUSSE MULTI-FONCTION;24
VASE BAMBOU;40
VASE N°22;45
VASE N°24;27
VASE N°30;1
VASE N°35;12
VASE N°45;10
Verre Bébé;44
VERRE CUP;200
VERRE DABLIJ PM;32
VERRE NAKHLA;94
VERRE OCTOGONAL PM;120
VERRE SABLE PM;48
VERRE TULIPE GM;31
VERRE TULIPE PM;65
